English,Hindi
The average geological temperature of the earth from 1995-2004 is different than that of 1940-1980 .,1995 से 2004 के दौरान औसत धरातलीय तापमान 1940 से 1980 तक के औसत तापमान से भिन्‍न है
Dhrudharashtra and Ghandhari 's eldest among their 200 sons .,धृतराष्ट्र एवं गांधारी के १०० पुत्रों में सबसे बड़े ।
In this way a major part of the desert in Rajasthan would become a harvesting and fertile land .,इस प्रकार राजस्थान के रेगिस्तान का एक बड़ा भाग शस्य श्यामला भूमि में बदल जायेगा ।
The power of the President to proclaim Ordinance is subject to :,राष्ट्रपति की अध्यादेश जारी करने की शक्ति पे नियंत्रण
More than 1000 elephants were used during the time of construction for transportation .,1000 से अधिक हाथी निर्माण के दौरान यातायात हेतु प्रयोग हुए थे ।
"Except these , Parsi , Jain n isahi 's important thinkings were also added .",इनके अलावा पारसी जैन एवं ईसाई धर्म के मूल विचारों को भी सम्मिलित किया ।
"Intercourse ( intimacy ) , depth of insertion , width if insertion",· अंतरंगता ( Intimacy ) ☻☻☻ · प्रवेश की गहराई ☻☻☻☻ · प्रवेश की गतिशीलता ☻☻☻☻
He is the form of the ultimate power .,भाव से ऊपर उठकर महाभाव या प्रेम के आराध्‍य हैं ः -
"Cricket 's official rules , Published by Marylebone Cricket Club .",क्रिकेट के अधिकारिक नियम मेरिलेबोन क्रिकेट क्लब ( Marylebone Cricket Club ) ( एमसीसी ) द्वारा प्रकाशित
In the twenty first century Maoist 's rebel spread a lot .,इक्कीसवीं सदी की शुरुआत में नेपाल में माओवादियों का आन्दोलन तेज होता गया ।
These also included 1572 campaign of Gujarat .,इनमें गुजरात का १५७२ का अभियान भी था ।
A religeon which shows necessity of utilising them .,जो धम्म यह बताए कि आवश्यकता प्रज्ञा प्राप्त करने की है
Because of inexpensive and servicing : 1988-1992,मंदी के कारण और सेवानिवृत्ति : १९८८ - १९९२
Amitabh Bacchan was awarded with padma bhushan in the field of Arts by the government of India .,अमिताभ बच्चन को सन २००१ में भारत सरकार ने कला क्षेत्र में पद्म भूषण से सम्मानित किया था ।
Because of this unitisation it is celebrated as rajasthan day .,इस कारण इस दिन को हर साल राजस्थान दिवस के रूप में मनाया जाता है ।
"To Understand QURAN , it is important to know aboutits meaning and old age peoples history .",कुरान को समझने के लिए उसके अवतीर्ण ‎‎ ( नुज़ूल ) की पृष्ठ भूमि जानना आवश्यक है ।
"Hokey is the national game , cricket is most rated game .",हालाँकि हॉकी देश का राष्ट्रीय खेल है क्रिकेट सबसे अधिक लोकप्रिय है ।
His literature was so important that without it the development of Hindi was impossible .,उनका लेखन हिन्दी साहित्य एक ऐसी विरासत है जिसके बिना हिन्दी का विकास संभव ही नहीं था ।
Poets ' polite saint : Pant ( 1960 ),कवियों के सौम्य संत : पंत ( 1960 )
Pulley system was used to bring river water .,नदी से पानी लाने हेतु रहट प्रणाली का प्रयोग किया गया था ।
Her husband expired after some time of their marriage .,विवाह के कुछ समय बाद ही उनके पति का देहान्त हो गया ।
This happened few days after he complained of abdominal pain .,उनके पेट में दर्द की शिकायत के कुछ दिन बाद ही ऐसा हुआ ।
On 4th july 1902 he left his body,4 जुलाई सन्‌ 1902 को उन्होंने देह त्याग किया ।
India the non aligned movement and one of the founder member country of United Nation Union .,भारत गुटनिरपेक्ष आन्दोलन तथा संयुक्त राष्ट्र संघ के संस्थापक सदस्य देशों में से एक है ।
An inscription written here states that .,यहाँ लिखी एक आयत कहती है
This is celebrated all over the India by Hindus with pomp .,इसे पूरे भारत में अलग - अलग नाम से सभी हिन्दू धूम - धाम से मनाते हैं ।
He started the new tradition of utopianism and naturalism in Hindi stories .,उन्होंने हिन्दी कहानी में आदर्शोन्मुख यथार्थवाद की एक नई परंपरी शुरू की ।
"Prior to his hanging , on 3rd march Bhagat sinh wrote to his brother Kultaar-",फ़ासी के पहले ३ मार्च को अपने भाई कुलतार को लिखे पत्र में भगत सिह ने लिखा था -
Some others think they might have came from Baloochisthan .,कुछ इसे बलोची भी ठहराते हैं ।
Mumba is annual temprature ranges from highest to lowest .,मुंबई का वार्षिक तापमान उच्चतम से न्यूनतम तक रहता है ।
"Ramayan , Mahabharat & puraan , kavya are written in sanskrit",रामायण महाभारत और पुराण काव्य संस्कृत में लिखे गये हैं ।
"on an average , yearly 100 centimeters of rain falls .",औसतन 100 सेन्टीमीटर सालाना वर्षा होती है ।
This usually happens due to sexual arouse as well as it can happen from prostate too .,यह आमतौर पर यौन उत्तेजना का परिणाम होता है जो प्रोस्टेट के उत्तेजित होने से भी सकता है ।
"He was greatly influenced by Arya Sabha , which was great religious and social movement then .",वे आर्य समाज से प्रभावित रहे जो उस समय का बहुत बड़ा धार्मिक और सामाजिक आंदोलन था ।
This time he is kept in Almoda jail .,इस बार उन्हे अलमोडा जेल में रखा गया ।
"The days she stayed there , she worked for the betterment of the town and its education .",जितने दिन वे यहाँ रहीं इस छोटे से गाँव की शिक्षा और विकास के लिए काम करती रहीं ।
"On air quality , American Lang Association of New England .",वायु की गुणवत्ता पर न्यू इंगलैंड का अमेरिकन लंग एसोसिएशन
Alwar was made its capital .,इसकी राजधानी अलवर रखी गयी थी ।
The responsibility of Indian government over debt loan ( with interest ),3 . ऋण भार जिनके लिये भारत सरकार उत्तरदायी है [ ब्याज सहित ]
.The last part of Vedas are known as Upanishadas,इन्हीं वेदों का अंतिम भाग उपनिषद कहलाता है ।
"State 33 district councils , 235 village panchayat Samithia and 9125 are Panchayte",राज्य में ३३ जिला परिषदें २३५ पंचायत समितियां और ९१२५ ग्राम पंचायतें हैं ।
Subashbabu wanted that Gandhiji 's agreement with the British Government on this topic must be broken .,सुभाषबाबू चाहते थे कि इस विषय पर गाँधीजी अंग्रेज सरकार के साथ किया गया समझोता तोड दे ।
The role of Salim was played by Dilip Kumar and the role of Anarkali was played by Madhubala .,सलीम की भूमिका दिलीप कुमार एवं अनारकली की भूमिका मधुबाला ने निभायी थी ।
2 . Permitted by the President,2 . राष्ट्रपति की अनुमति हो
The economy of Arab nations grew at great speed due to oil production .,अरब दैशों में तेल के उत्पादन के कारण उनकी अर्थव्यवस्था बहुत तेज़ी से सुधर गयी ।
Indian food is full of taste and wonderful smell,भरतीय खाना स्वाद और सुगंध का मधुर संगम होता है ।
Maximum titles held as the 'Man of the Series '' '' in One day international match .,एकदिवसीय अंतरराष्ट्रीय मुक़ाबले में सबसे ज्यादा मैन आफ् द सीरीज
10 ) Finding from the research is by reading Sanskrit ; it will bust the power of memory .,१० ) शोध से ऐसा पाया गया है कि संस्कृत पढ़ने से स्मरण शक्ति बढ़ती है ।
Browser search engine for different dictionaries,विभिन्न शब्दकोशों हेतु ब्राउजर सर्च इंजन
pillow : for more pleasure men at there wish they can keep pillow at there back,तकियाः इसमें ज्यादा आनंद के लिये पुरुष चाहे तो कमर के नीचे तकिया रख सकता है .
intimacy is entered deeply while entering its slowness,· अंतरंगता ( Intimacy ) ☻☻☻ ☻☻ · प्रवेश की गहराई ☻☻☻ ☺ · प्रवेश की गतिशीलता ☻☻☻☻
"politically , the Abbasi group is becoming weaker day by day .",राजनैतिक तौर पर अब्बासी सम्राज्य धीरे धीरे कमज़ोर पड़ता गया ।
in this way nethaji became a true leader .,इस प्रकार नेताजी ने सच्चे नेतृत्व का एक आदर्श ही बनाकर रखा ।
Reconstruction of Nidd ( 1970 ),नीड़ का निर्माण फिर ( 1970 )
"Ahonen , Casper and Melcco,3G marketing 2004 , ISBN 0-470-85100-7",अहोनेन कैस्पर और मेल्क्को 3G विपणन 2004 ISBN 0 - 470 - 85100 - 7
"Whatever could be the reasons , shedid not have any grudge against Mr. Swaroop Narain Varma",कारण कुछ भी रहा हो पर श्री स्वरूप नारायण वर्मा से कोई वैमनस्य नहीं था ।
A major part of China comes under this .,इसके अन्तर्गत चीन का बहुतायत भाग आता है ।
"Mahadevi was born on 28 march 1905 evening 7 oclock at Furkabad in Uttar Pradesh , in India",महादेवी का जन्म २६ मार्च १९०७ को प्रातः ८ बजे फ़र्रुख़ाबाद उत्तर प्रदेश भारत में हुआ ।
It is neccesarry for our Hindu people to knowWhat 'Khuran ' teaches its followers .,कुरआन अपने अनुयायियों को क्या सिखाता है तथा हम हिन्दुओं के लिए उसे जानना कितना आवश्यक है
Amitah Bachchan made a film regarding the situations of the Mulayam Singh government,अमिताभ बच्चन ने एक फिल्म बनाई जिसमें मुलायम सिंह सरकार के गुणगाणों का बखान किया गया था ।
Historical Facts ( Before 1900 B.C . ),पुरातत्त्व प्रमाण ( १९०० ई . पू से पहले )
Netaji Subhash : persistent search for truth,नेताजी सुभाष : सत्य की अनवरत तलाश
The knowledge about the arrival of this day is with God alone .,यह दिन कब आयेगा इसकी सही जानकारी केवल ईश्वर को ही है ।
The Newar tribes have their specific newari substances for the purpose .,नेवार समुदाय अपने विशेष किस्म के नेवारी परिकारों का सेवन करते हैं ।
Obama is born in Honolulu.He is child of black father of Keeniya origin and American origin mother .,होनोलूलू में जन्में ओबामा किन्याई मूल के अश्वेत पिता व अमरीकी मूल की माता के संतान हैं ।
Nideshak 's movie maker shows his videos to you tube viewers .,nideshak मूवी मेकर अपने विडियो को यू ट्यूब दर्शको को दिखाते हैं
Jai Shanker Prasad [ In Hindi Kunj ],जयशंकर प्रसाद ( हिंदीकुंज में )
Rest of the granths come under Smriti,बाकी ग्रन्थ स्मृति के अन्तर्गत आते हैं ।
15 . The best time to visit Jaipur is between the months of October to March .,15 . जयपुर शहर के भ्रमण का सर्वोत्तम समय अक्टूबर से मार्च के मध्य में है ।
In kuran itself this word has been described for 70 times .,स्वयं कुरान में इस शब्द का कोई ७० बार उल्लेख हुआ है ।
The human knowledge continuesly in upper class one .,मनुष्य के ज्ञान ‎की सतह निरंतर ऊंची होती जा रही है ।
"But the English government did not wanted this , that Subhashbabu be released during the war|",मगर अंग्रेज सरकार यह नहीं चाहती थी कि सुभाषबाबू युद्ध के दौरान मुक्त रहें ।
"Bombay Darpan was the leading marathi newspaper , which was started by Balshastri Jambhelkar in 1832 .",बॉम्बे दर्पण प्रथम मराठी समाचार - पत्र था जिसे बालशास्त्री जाम्भेकर ने १८३२ में आरंभ किया था ।
In this district Approximately 14000 one room factories can be seen,इस जिले में अनुमानित १५००० एक - कमरा फैक्ट्रियां हैं ।
Vedas are considered to be four in present period,वर्तमान काल में वेद चार माने जाते हैं ।
"He always wrote about communalism , corruption , zamindari ( landlord ) , debt , poverty , colonialism .",वे सांप्रदायिकता भ्रष्टाचार जमींदारी कर्जखोरी गरीबी उपनिवेशवाद पर आजीवन लिखते रहे ।
boil Bengal gram seeds and mix with Jaggery,चनेकी दाल उबालके गुडके साथ मिलाके पिस ले ।
It acquires 1/8 part of the area of entire city .,यह कुल शहरी क्षेत्र के लगभग छठवें भाग में बना हुआ है ।
"for the students who has the knowledge of maths , science , and different language will be helpful",इसके अध्ययन करने वाले छात्रों को गणित विज्ञान एवं अन्य भाषाएँ ग्रहण करने में सहायता मिलती है ।
Koran itself said that they read it with the rights .,स्वयं कुरान कहता है और वे इसे पढ़ने के अधिकार ‎के साथ पढ़ते हैं ।
AT THERE HE MEAT WITH VALLABHAACHARYA AND BECOME HIS STUDENT,वहीं उनकी भेंट श्री वल्लभाचार्य से हुई और वे उनके शिष्य बन गए ।
United Nations system on climate change work for a gateway,संयुक्त राष्ट्र के जलवायु परिवर्तन पर सिसटम के काम के लिये एक Gateway
In America he established many branches of Ramakrishna mission,अमेरिका में उन्होंने रामकृष्ण मिशन की अनेक शाखाएँ स्थापित कीं ।
He bowls and bats with right hand but writes with his left hand .,वे गेंदबाज़ी और बल्लेबाज़ी दायें हाथ से करते हैं किंतु लिखते बाये हाथ से हैं ।
The religious book which was provided to them was name as Quran .,उनको जो धार्मिक पुस्तक प्रदान की गयी उसका नाम कुरआन है ।
State is situated between middle of 30 3 latitude and 69 30 to 78 17 longitude .,राज्य २३ ३ से ३० १२अक्षांश और ६९ ३० से ७८ १७ देशान्तर के बीच स्थित है ।
We can witness the virtues she possesses by her speech on this event .,इस अवसर पर दिए गए उनके भाषण में उनके इस गुण को देखा जा सकता है ।
Jotha akbar ( 2008 film ),जोधा अकबर ( 2008 फ़िल्म )
Some unseen facts about Bhagat Singh ( Sunday ),भगत सिंह के बारे में कुछ अनदेखे तथ्य ( रविवार )
His story with Akbar is still famous now days .,इनके अकबर के संग किस्से आज भी कहे जाते हैं ।
Amitabh Bacchan is a famous Actor .,अमिताभ बच्चन एक प्रसिद्ध अभिनेता हैं ।
The grandfather Bhishma and Drona Acharya their opposition by the Gurus Arjun etc . has to desist from war,अपने विपक्ष में पितामह भीष्म तथा आचार्य द्रोण आदि गुरुजनों को देखकर अर्जुन युद्ध से विरत हो गये ।
Main beliefs of Islam are these :,इस्लामी धर्म के प्रमुख मत यह हैं :
Khufia and terrorism information center - www.terrorism-info.org.il,खुफिया और आतंकवाद सूचना केन्द्र - www . terrorism - info . org . il
Jawaharlal Nehru was born in Illahabad to a lawyer called Motilal Nehru,जवाहर लाल नेहरू का जन्म इलाहाबाद में एक धनाढ्य वकील मोतीलाल नेहरू के घर हुआ था ।
the people made is very famous,यह जनसाधारण हेतु बना वृहत प्रांगण था ।
Jana Samachar : A newspaper concerned with the rural issues,जन समाचार : भारतीय ग्रामीण मुद्दों से सम्बन्धित समाचार पत्र
It 's length is 2 meter/kilometers .,इसका ढलान २ मीटर / किलोमीटर है ।
"Hazi Ali Dargah which was built in the year 1431 , when Mumbai was under Islamic rule .",हाजी अली दरगाह जो सन 1431 में बनी थी जब मुंबई इस्लामी शासन के अधीन था ।
These five condition are mandatory for making any constitution federal .,ये पांच शर्ते किसी सविन्धान को संघात्मक बनाने हेतु अनिवार्य है
This is just words not the meanings .,यह वह्य शाब्दिक है अर्थ के रूप में नहीं ।
This is very good example of well tuned light songs .,सूर का भ्रमरगीत इसका सुंदर उदाहरण है ।
1961-1990 relative to global mean surface heat is different from,वैश्‍विक माध्‍य सतह का ताप 1961 - 1990 के सापेक्ष से भिन्‍न है
Other you tube videos links you tube embed annotation video not show .,अन्य यू ट्यूब विडियो के लिंक्स यू ट्यूब वेबसाइट में एम्बेडेड अन्नोटेशन विडियो में दिखी नाही देंगे
in this 2 army person and one civilian killed,इसमें दो सैनिक एवं एक नागरिक मृत्यु को प्राप्त हुए ।
Bruhwahan : Son of Arjuna and Chitrangda,बभ्रुवाहन : अर्जुन एवं चित्रांग्दा का पुत्र ।
"Due to cancer , saliva , blood , cough etc would ooze out from his throat .",कैंसर के कारण गले में से थूंक रक्त कफ आदि निकलता था ।
the role of batsmen is making runs and till the overs get finished .,बल्लेबाजों की भूमिका रन बनने के साथ और ओवर पूरे होने के साथ बदलती रहती है ।
.The contribution of agriculture in the financial sector here has been going down .,यहाँ की अर्थव्यवस्था में कृषि का योगदान कम होता जा रहा है ।
Diwali is a lot of people exaltation,लोगों में दीवाली की बहुत उमंग होती है ।
Mumbai Port transports almost half of the marine cargo of India .,मुंबई पत्तन भारत के लगभग आधे समुद्री माल की आवाजाही करता है ।
NATURE ' gives an indication about Water and Air Pollution,{ प्रकृति जलवायु परिवर्तन की सूचना देती है
Hanuman had reached to Sita .,हनुमान सीता के पास पहुँचे ।
The main characteristic of Premchand 's writings is his interesting story-telling and use of simple language .,उन्होने साहित्य में सामयिकता प्रबल आग्रह स्थापित किया ।
SeaMonkey [ called Mozilla in East ] is the fundamentalplatform of Mozilla Firefox Web Browser .,सीमंकी ( पूर्व में मोजिल्ला ) पर मोजिल्ला फायरफाक्स वेब - ब्राउजर आधारित है ।
But Nehru unable to improve relation of India with Pakistan and China .,लेकिन नेहरू पाकिस्तान और चीन के साथ भारत के संबंधों में सुधार नहीं कर पाए ।
The rights of Indian Prime Minister,भारत के प्रधानमंत्रियो का आधिकारिक जालस्थल ( अंग्रेजी मे )
But the issue did not end with the result of election .,मगर चुनाव के निकाल के साथ बात खत्म नहीं हुई ।
The Industry makes 150-200 films yearly .,इस उद्योग में प्रतिवर्शः १५० - २०० फिल्में बनती हैं ।
He began to think that Akbar was disturbed from the path of his religion .,उन्हे लगने लगा था कि अकबर अपने धर्म से भटक रहा है ।
His sister Jodhabhai was Akbar Queen wife,इनकी बहन जोधाबाई अकबर की पटरानी थी ।
"He established Indian Independence Party and Free India Radio , while in Germany .",उन्होने जर्मनी में भारतीय स्वतंत्रता संगठन और आजाद हिंद रेडिओ की स्थापना की ।
Once persons eye site will be diffrent to other,एक व्यक्ति का शिश्न दूसरे से कई मामलों में भिन्न होता है ।
It occupies 1/6th of the total city space .,यह कुल शहरी क्षेत्र के लगभग छठवें भाग में बना हुआ है ।
This is the secret of this language,यही इस भाषा का रहस्य है ।
Solar Power ( Hindi Blog ),सौर उर्जा ( हिन्दी ब्लॉग )
The new state was established in fifth century in vaishali region,इस क्षेत्र मे ५वी शताब्दी के उत्तरार्ध मे आकर वैशाली के लिच्छवियो के राज्य की स्थापना हुई ।
Multitude in the poetry of Harivansh Rai Bachchan,हरिवंशराय बच्चन के काव्य में लोकतत्व
Bodhnath Stupa is the largest Stupa in Nepal .,बोधनाथ नेपाल का सबसे बड़ा स्तूप है ।
King Man Singh was the Kachvaha Rajput of Amber ( Jaipur ),राजा मान सिंह आम्बेर ( जयपुर ) के कच्छवाहा राजपूत राजा थे ।
Soor has written the group poems .,6 . सूर ने स्थान - स्थान पर कूट पद भी लिखे हैं ।
followers of all these religions were called 'Dhammi ' .,इन सभी धर्मों के अनुयायियों को धिम्मी कहा गया ।
22. there is a royal field in bharatpur sanghrahalaya place,22 . भरतपुर संग्रहालय स्थान के विगत शाही वैभव के साथ साक्षात्कार का एक प्रमुख स्त्रोत है ।
The most prominent of these rulers Minnadar encouraged by Buddhism,इन शासकों में सबसे प्रमुख मिनांदर ने बौद्ध धर्म को प्रोत्साहित किया ।
Finally on 29 may 1942 subhash babu met top minister of germany named Adolf hitler,आखिर 29 मई 1942 के दिन सुभाषबाबू जर्मनी के सर्वोच्च नेता एडॉल्फ हिटलर से मिले ।
Many of Indian as well as foreigner tourist get attracted by this Indian traditional music and traditional dance programme,यह भारतीय शास्त्रीय संगीत एवं शास्त्रीय नृत्य का कार्यक्रम ढेरों भारतीय और विदेशी पर्यटक आकर्षित करता है ।
Powers of election commission Article 324 [ 1 ] provides following powers to election commission,निर्वाचन आयोग की शक्तियाँ अनु 324 [ 1 ] निर्वाचन आयोग को निम्न शक्तियाँ देता है
"English government was stable on their place , and Bhagat Singh and their partner was given gibbet .",अंग्रेज सरकार अपने स्थान पर अडी रही और भगत सिंह और उनके साथियों को फॉंसी दी गयी ।
"Among these rulers , the most prominent ruler encouraged Buddha Religion .",इन शासकों में सबसे प्रमुख मिनांदर ने बौद्ध धर्म को प्रोत्साहित किया ।
The word 'Pakstan ' means holy or country of sacred people .,पाक्स्तान शब्द का अर्थ हॅ पाक याने कि पवित्र लोगो का वतन ।
6 . The Governor is appointed by the President after counseling with chief minister .,6 . राज्यपाल की नियुक्ति राष्ट्रपति राज्य मुख्यमंत्री की सलाह के बाद करेगी
This on outskirts of city and is called Swami Bagh .,यह नगर के बाहरी क्षेत्र में है जिसे स्वामी बाग कहते हैं ।
Asiatic society is one of the most ancient society of this city .,बंबई एशियाटिक सोसाइटी शहर की पुरातनतम पुर्तकालयों में से एक है ।
Papers and articles on terrorism and Israel,कागज और आतंकवाद और इजराइल पर लेख
This completed the creation and integration of Rajasthan .,इसी के साथ आज से राजस्थान का निर्माण या एकीकरण पूरा हुआ ।
Depending on who decided he did justice,‎जिसने इसके आधार पर निर्णय किया उसने इंसाफ किया ।
Before 1000 BC . new smaller states and state organizations were formed .,करीब १००० ईसा पूर्व में छोटे - छोटे राज्य और राज्यसंगठन बनें ।
"The interior area of the Taj Mahal has been decorated in a style , unique of any other .",ताजमहल का आंतरिक कक्ष परंपरागत अलंकरण अवयवों से कहीं परे है ।
Raone - Rao Kavensu Kaven Vedko patient,रावण - राव कवनसूं कवन वेद को रोगी ।
The name of Obama 's wife is Michelle,ओबामा की पत्नी का नाम मिशेल है ।
"Brahma religion due to his father , he was the Brahma .",उनके पिता ब्राह्म धर्म के होने के कारण वे भी ब्राह्म थे ।
"In the Hindi Literature , the personality of Kabir is incomparable .",हिंदी साहित्य में कबीर का व्यक्तित्व अनुपम है ।
This is the very decisive body on the basis of money power .,धन बिल पारित करने मे यह निर्णायक सदन है
Uninagari : Devanagari type writer without any complications,यूनिनागरी : बिना ताम - झाम का देवनागरी टाइपराइटर
"In Sur 's poem , the old sayings are quoted at many places .",11 . सूर की कविता में पुराने आख्यानों और कथनों का उल्लेख बहुत स्थानों में मिलता है ।
"Main part of North , Central and West are made of gardensnear river Ganga .",शेष का उत्तरी मध्य और पूर्वी भारत गंगा के उपजाऊ मैदानों से बना है ।
The great explications written on Bhagavad Geeta are as follows -,भगवद्गीता पर लिखे गये प्रमुख भाष्य निम्नानुसार हैं -
English Hindi dictionary in form p.d.f .,अंग्रेज़ी हिन्दी शब्दकोष पी॰डी॰ऍफ़॰ प्रारूप में
India 's major industrial areas are located near main metropolis cities .,भारत के अधिकतर औद्योगिक क्षेत्र उसके प्रमुख महानगरों के आसपास स्थित हैं ।
"Afterwards , Buddha was accepted as an incarnation of Lord Vishnu",हिन्दू धर्म ने बाद में बुद्ध को विष्णु का एक अवतार माना है ।
For various word glossary browser search engines,विभिन्न शब्दकोशों हेतु ब्राउजर सर्च इंजन
She is considered as a mystery writer in Hindi literature .,वे हिंदी साहित्य में रहस्याद की प्रवर्तिका भी मानी जाती हैं ।
{ Give notice about Nature and climate changes .,{ प्रकृति जलवायु परिवर्तन की सूचना देती है
Temples are best representatives of ancient and middle age Indian art .,मन्दिर प्राचीन और मध्ययुगीन भारतीय कला के श्रेष्ठतम प्रतीक हैं ।
In combined form all these five Paryag are known as Panch Paryag .,इन पांच प्रयागों को सम्मिलित रूप से पंच प्रयाग कहा जाता है ।
"Consequently , we can save conventional energy ( electricity and fuel )",इसके चलते परम्परागत ऊर्जा ( बिजली व ईंधन ) की बचत की जा सकती है ।
People of Mumbai call themselves 'Mumbaikar ' or Mumbaiites .,मुंबई के लोग अपने आफ को मुंबईकर या मुंबैयाइट्स कहलाते हैं ।
The country has 27 % land suitable for agriculture .,देश की कुल 27 % भूमि कृषियोग्य है ।
One upwards pointing angel is more than average .,एक ऊपर की ओर इंगित कोण सबसे आम है ।
One of the friend of Kabeer has influenced him .,कबीर की एक साखी ने उन के मन पर गहरा असर किया -
Difficult objects have been created .,इसमें अत्यधिक जटिल ज्यामितीय प्रतिरूप बनाए गए हैं ।
"Cultural has many ways , in responsibilities",संस्कृत के अनेकानेक ग्रन्थ देवनागरी में
"Michael with the orders from God , changes the weather",मीकाईल ( Michael ) जो ईश्वर के समादेश पर मौसम बदलनेवाला देवदूत
The township of Agra was established in year 1506 by Siknder Lodi .,आगरा शहर को सिकंदर लोदी ने सन् 1506 ई . में बसाया था ।
it is a national republic .,यह एक राष्ट्रप्तिय गणतंत्र है ।
Main statement : The detailed story of Mahaharat .,मुख्य उल्लेख : महाभारत की विस्तृत कथा
Became the only player in one-day cricket by scoring a double century .,वनडे क्रिकेट के इतिहास में दोहरा शतक जड़ने वाले पहले खिलाड़ी बने ।
"Feed , Fish rice , Baori , Butter Kheer , Sakrori , Curd fish , Curd crumbs , Tilkor",डालनामाछ भातबओरीमखानक खीरसक्रोरीदहीमाछ दही चुरा तिलकोर
"Hindus do not have a central church or religious union , nor do they have any 'Pope ' .",हिन्दुओं का कोई केन्द्रीय चर्च या धर्मसंगठन नहीं है और न ही कोई पोप ।
Taurat which was gifted to Musa,तौरात जो कि मूसा को प्रदान की गयी ।
Here is a museum of objects related to him .,यहाँ उनसे संबंधित वस्तुओं का एक संग्रहालय भी है ।
"Golden gate , which is the entry gate of Darbar ( court ) square , is quite attractive .",स्वर्ण द्वार जो दरबार स्क्वैयर का प्रवेश द्वार है काफी आकर्षक है ।
The typical property of Taj Mahal Complex has a special connstruction as it is isometric .,ताजमहल इमारत समूह की संरचना की खास बात है कि यह पूर्णतया सममितीय है ।
This is sweet and full of juices,यह मधुर और सरस है ।
The German and Italian groups helped him .,जर्मन और इटालियन दूतावासों ने उनकी सहायता की ।
"they got protection from the Germans and later , the Japanese air attack .",यह जर्मन एवं बाद में जापानी हवाई हमले से सुरक्षा प्रदान कर पाए ।
But supreme court has agreed that it is a complete union specific constitution .,किन्तु माननिय सर्वोच्च न्यायालय ( पि कन्नादासन वाद ) ने इसे पुर्ण संघात्मक माना है ।
Now this is the second biggest city after the temporary capital kalkatta,अब यह भारत की तत्कालीन राजधानी कलकत्ता के बाद भारत में दूसरे स्थान सबसे बड़ा शहर था ।
Google 's IME of different offline Indian languages,गूगल के विभिन्न भारतीय भाषाओं हेतु ऑफलाइन आइऍमई
U.s.A is made up of 50 states and a republic district .,सं रा अ ५० राज्यों और एक संघीय ज़िले से बना है ।
Sant Kabir 's couplets and poems,संत कबीर के दोहे एवं कविताएँ
"Where in 1560 b.c she merged in Krishna , s idol .",जहाँ संवत १५६० ईस्वी में वो भगवान कृष्ण कि मूर्ति मे समा गई ।
In Terms of its geographic size India is the seventh largest country in The World .,भारत भौगोलिक क्षेत्रफल के आधार पर विश्व का सातवाँ सबसे बड़ा राष्ट्र है ।
his son only wrote his biography and titled it `` '' Kalam ka Sipahi '' '',उनके ही बेटे अमृत राय ने कलम का सिपाही नाम से पिता की जीवनी लिखी है ।
In this population approximately 95 % are Sunni and 15 % are Shiya .,इन्में से लगभग ८५ % सुन्नी और लगभग १५ % शिया हैं ।
National portal of india ( In hindi ),भारत का राष्ट्रीय पोर्टल ( हिन्दी में )
"Due to its geographical condition , Mumbai has got world ’ s finest natural way .",अपनी भौगोलिक स्थिति के कारण मुंबई में विश्व के सर्वश्रेष्ठ प्राकृतिक पत्तन उपलब्ध हैं ।
Many sects and communities are included in it and all are given equal reverence .,इसके अन्तर्गत कई मत और सम्प्रदाय आते हैं और सभी को बराबर श्रद्धा दी जाती है ।
"In tomb area , the footing site was made by digging fifty wells and filling with stones .",मकबरे के क्षेत्र में पचास कुँए खोद कर कंकड़ - पत्थरों से भरकर नींव स्थान बनाया गया ।
The press and the people were allowed to be present at these meetings .,इसकी बैठकों में प्रेस और जनता को भाग लेने की स्वतन्त्रता थी ।
Professor Mahaveer Sharan script : Achievements of Kabir,प्रोफ़ेसर महावीर सरन जैन का आलेख : कबीर की साधना
Mol Tol - Commerce related website in Hindi,मोलतोल - हिन्दी का व्यापार - सम्बन्धी जालस्थल
"Raipur , chattisgarh related information , news and directory",रायपुर छत्तीसगढ़ से सम्बंधित जानकारियां समाचार पत्र एंव डायरेक्टरी
There are many deities in Hinduism which wrongly called God in English,हिन्दू धर्म में कई देवता हैं जिनको अंग्रेज़ी मे ग़लत रूप से gods कहा जाता है ।
No punishments or presents are immediately given to any human who commits good or bad deeds .,अच्छे और बुरे कार्य को करने पर उसे ‎तक्ताल कोई दण्ड या पुरस्कार नहीं है ।
"It is said that the total number of such messengers was about 1,84,000 in total .",कहा जाता ‎है कि ऐसे ईशदूतों की संख्या १८४००० के लगभग रही ।
He was released after few months .,कुछ महीनों के बाद उन्हें रिहा कर दिया गया ।
When the Kauravas had fled with the cows the then arjuna defeated them .,जब कौरव विराट की गौओं को हरकर ले जाने लगे तब उन्हें अर्जुन ने परास्त किया ।
The last link of this chain was Hajrat Muhammad ( Sall . ),इस सिलसिले की ‎अंतिम कड़ी हज़रत मुहम्मद ( सल्ल . ) थे ।
After downloading use it offline is best .,डाउनलोड करके आफलाइन उपयोग के लिये उत्तम !
Sanskrit - Scientific and computer efficient language,संस्कृत - विज्ञान और कंप्यूटर की समर्थ भाषा
.Bacchan is married to actress Jaya Bhaduri .,बच्चन का विवाह अभिनेत्री जया भादुड़ी से हुआ है ।
These are connected by 42th act research .,इन्हे ४२ वे सन्विधान सन्शोधन द्वारा जोडा गया है ।
This activity is going up to 10 years similarly 8 % .,यह 10 वर्ष तक के लगभग 8 % लड़कों मे पायी जाती है ।
"On this day , a variety of sweets are prepared in the house from morning only .",इस दिन घरों में सुबह से ही तरह - तरह के पकवान बनाए जाते हैं ।
here muslims got introduced with two other people,यहाँ मुसलमानों का दो नए प्रकार के लोगों से परिचय ‎हुआ ।
"Collection of memories , Rekhchitra and stories : Himalay ( 1963 ) ,",संस्मरण रेखाचित्र और निबंधों का संग्रह : हिमालय ( १९६३ )
Today 's popular Hindi poet : Sumitranandan Pant ( 1960 ),आज के लोकप्रिय हिन्दी कवि : सुमित्रानंदन पंत ( 1960 )
control of legislation on the center of the state,राज्यों पर केन्द्र का विधान संबंधी नियंत्रण
Netaji renamed these Islands as 'Shaheed ' and 'Swaraj Dwip ' .,नेताजी ने इन द्वीपों का शहीद और स्वराज द्वीप ऐसा नामकरण किया ।
it was also printed in English and in Urdu by Hassan Manjar .,इसका अँग्रेज़ी व हसन मंज़र का किया हुआ उर्दू अनुवाद भी प्रकाशित हुआ ।
96.The best time for visiting Bikaner is between the months of October to March .,96 . भ्रमण करने के श्रेष्ठ महीने अक्टूबर से मार्च शहर के भ्रमण का श्रेष्ठ समय है ।
its ' Hindi version is also available .,इसका इण्टरफेस हिन्दी में भी उपलब्ध है ।
On this there are carvings of a lotus shape and a crown .,इन पर वही कमलाकार आकृति एवं किरीट कलश भी हैं ।
"in farer park of Singapore , Rasbihari bose has handed over his role to Subhashbabu",सिंगापुर के फरेर पार्क में रासबिहारी बोस ने भारतीय स्वतंत्रता परिषद का नेतृत्व सुभाषबाबू को सौंप दिया ।
But all of his sons were killed fighting with each other .,परन्तु उसके सभी पुत्र आपस में युद्ध करके मारे गये ।
"Only 29 km north-west of Kathmandu , kakani is a beautiful vacation spot..",काठमांडु शहर से 29 किमी . उत्तर - पश्चिम में छुट्टियां बिताने की खूबसूरत जगह ककानी स्थित है ।
The poetry gems chosen form Hindi/Urdu and Sanskrit languages .,हिन्दी / उर्दु और संस्कृत भाषाओं से चुने हुये काव्य मोती
"In 1980 , his novel was made very popular TV series Nirmala",१९८० में उनके उपन्यास पर बना टीवी धारावाहिक निर्मला भी बहुत लोकप्रिय हुआ था ।
class : West Bengal 's rivers,श्रेणी : पश्चिम बंगाल की नदियाँ
Prof. A . Acchyutan ( Taptilok ),प्रो . ए . अच्युतन ( ताप्तीलोक )
This was written by him in a letter he worte to his brother Kultar on 3 March .,फ़ासी के पहले ३ मार्च को अपने भाई कुलतार को लिखे पत्र में भगत सिह ने लिखा था -
International Convention on Quality of Urban Air,शहरी वायु गुणवत्ता पर अंतर्राष्ट्रीय सम्मेलन
As Ghadhari entered she did not allow this to happen .,परन्तु गांधारी ने आकर ऐसा होने से रोक दिया ।
She was the worlds first test tube baby .,यह विश्व के प्रथम टेस्ट - टयूब बेबी थे ।
"He wrote a letter to his brother Kultar on 3rd Mar , before his hanging .",फ़ासी के पहले ३ मार्च को अपने भाई कुलतार को लिखे पत्र में भगत सिह ने लिखा था -
"Per country green house gas emission , in which land-use change is included .",प्रति देश ग्रीनहाउस गैस उत्सर्जन जिसमें भूमि का उपयोग परिवर्तन है .
India 's capital is New Delhi .,भारत की राजधानी नई दिल्ली है ।
as the age of Akbar began to raise his love towards other religion also began to increase .,जैसे - जैसे अकबर की आयु बदती गई वैसे - वैसे उसकी धर्म के प्रति रुचि बढ़ने लगी ।
supreme court also has strict-ed them from some actions,इसके चलते सुप्रीम कोर्ट ने खुद कुछ बन्धन इनके प्रयोग पे लगाये है
He played his first first class cricket for Mumbai at the age of fourteen .,उन्होंने अपना पहला प्रथम श्रेणी क्रिकेट मैच मुंबई के लिये १४ वर्ष की उम्र मे खेला ।
sufi siants and bhakti followers played an important part in this,सूफी संतों और भक्ती आंदोलन ने इस मनमुटाव को दूर करने में बहुत अहम भूमिका निभाई ।
Ram reaches near to Trishyamuk Mountain,राम ऋष्यमूक पर्वत के निकट आ गये ।
Today BJP and their supporter play important role in opposite party .,आज बीजेपी और उसके सहयोगी विपक्ष में मुख्य भूमिका निभाते हैं ।
Major Islamic Cults and their distribution across the globe,विश्व में इस्लाम के प्रमुख पन्थ और उनका वितरण ।
Moderates like Professor Hazari Prasad Diwedi held her poetry as top class .,आचार्य हज़ारी प्रसाद द्विवेदी जैसे समीक्षक उनके काव्य को समष्टि परक मानते हैं ।
simenky was the old version of mozila firefox,सीमंकी ( पूर्व में मोजिल्ला ) पर मोजिल्ला फायरफाक्स वेब - ब्राउजर आधारित है ।
they are joint the gumbad edge .,यह गुम्बद के किनारों को शिखर पर सम्मिलन देता है ।
There is also facility to download entire Mahabharat .,सम्पूर्ण महाभारत डाउनलोड करने की सुविधा भी है ।
1898 he passed the metric exam and after he get appointed in local school as teacher .,१८९८ में मैट्रिक की परीक्षा उत्तीर्ण करने के बाद वे एक स्थानीय विद्यालय में शिक्षक नियुक्त हो गए ।
Her words reflected the words of the indian people .,उनके संस्मरण भारतीय जीवन के संस्मरण चित्र हैं ।
"Whatever maybe the thought process , the colorful gods are an integral part of Hindu culture .",जो भी सोच हो ये देवता रंग - बिरंगी हिन्दू संस्कृति के अभिन्न अंग हैं ।
What is Saddhmam according to Buddha,बुद्ध के अनुसार सद्धम्म क्या है - -
the vapour content is sufficient in the land part,इस भूभाग की जलवायु उष्ण और संतृप्त ( आर्द्र ) है ।
"Akbar 's court had many Hindu courtiers , military officers and feudal lords .",अकबर के दरबार में अनेक हिन्दू दरबारी सैन्य अधिकारी व सामंत थे ।
He was the Chief General of Akbar 's army .,वह अकबर की सेना के प्रधान सेनापति थे ।
It is believed that all 33 crores deities live in a cow .,यह माना जाता है कि गाय में सम्पूर्ण ३३ करोड देवि देवता वास करते हैं ।
His followers consider Swami Bagh as a holy place .,उनकी समाधि उनके अनुयाइयों के लिये पवित्र है ।
An eave of a decorated throne was made in the dead center of eastern wall of palace .,एक अलंकृत सिंहासन का छज्जा दीवान की पूर्वी दीवार के बीचों बीच बना था ।
He placed Ram 's footwear on the throne and he himself began to stay on Nandigram .,उन्होंने राम की पादुका को राज सिंहासन पर विराजित कर दिया स्वयं नन्दिग्राम में निवास करने लगे ।
First editions has Three Places in other languages,पहले भाग ( संहिता ) के अलावा हरेक में टीका अथवा भाष्य के तीन स्तर होते हैं ।
it is too easy when it come for remebering,आसान यह तब है जब इसे ‎याद करने ( तज़क्कुर ) के लिए पढ़ा जाए ।
His term period is normally 5 years if the majority is maintained .,बहुमत बने रहने की स्थिति में इसका कार्यकाल ५ वर्षों का होता है ।
About any topic on his every word written in,किसी भी विषय के बारे मे उसकी हर बात के बारे मे लिखा जाता है ।
Cuisines of Dravidian region are called South Indian food .,दक्षिण भारतीय खाना भारत के द्रविड़ राज्यों के खाने को कहा जाता है ।
"To show the reality : See , war",वास्तविकता दिखाने हैं : देखो लड़ाई
The solar lantern is a light portable photo-voltaic technology .,सौर लालटेन एक हल्का ढोया जा सकने वाली फोटो वोल्टायिक तंत्र है ।
"For this reason he went to Punjab to fight the most powerful Suri ruler , Sikander Shah Suri .",इसलिए वह सूरी वंश के सबसे शक्तिशाली शासक सिकंदर शाह सूरी पर आक्रमण करने पंजाब चल पड़ा ।
The number stanzas in Skandha Puran is eighty one thousand .,स्कन्धपुराण में श्लोकों की संख्या इक्यासी हजार एक सौ हैं ।
"After the defeat of Parthians , it was free of Persian influence .",पार्थियनों के पतन के बाद यह फारसी प्रभाव से मुक्त हुआ ।
"From the city side it was covered with another security wall , outside it there was a pit .",शहर की ओर से इसे एक दोहरी सुरक्षा दीवार घेरे है जिसके बाहर गहरी खाई बनी है ।
sweet essay : aksanda ( 1986 ),ललित निबंध : क्षणदा ( १९५६ )
This Hikamato loaded again recall that the direct route,‎यही हिकमतों से भरी हुई पुन : स्मरण ( याददेहानी ) है यही सीधा मार्ग ‎है ।
"In every February , the Durbey Horse race takes place in Mumbai .",प्रत्येक फरवरी में मुंबई में डर्बी रेस घुड़दौड़ होती है ।
"Arjun : Through Godking Indra , Kunti and Pandu 's son .",अर्जुन : देवराज इन्द्र द्वारा कुन्ती एवं पान्डु का पुत्र ।
people also is very focused on this issue,जनता भी इस विषय में जागृत हुई है ।
At present in india there are 27 States and 7 Central ruled states .,वर्तमान में भारत २८ राज्यों ७ केन्द्रशासित प्रदेशों मे बँटा हुआ है ।
`` `` Big study '' '' Big study==Brahma Sutra==,मोटा पाठमोटा पाठ = = वाह्य सूत्र = =
"As the ice melts , the open waters and land take its place .",जैसे जैसे बर्फ पिघलती है वैसे वैसे भूमि अथवा खुला जल उसका स्‍थ्‍स्थान ले लेता है ।
According to folklore he had a son Kamal and a daughter Kamali .,जनश्रुति के अनुसार उन्हें एक पुत्र कमाल तथा पुत्री कमाली थी ।
Each team consists of 11 players .,हर टीम में ग्यारह खिलाड़ी होते हैं ।
Idra was very happy seeing the strong Arjun .,इन्द्र अपने पुत्र अर्जुन की वीरता देखकर अतिप्रसन्न हुए ।
At that time the police lathi-charged him and wounded him .,तब पुलिस ने उनपर लाठी चलायी और उन्हे घायल कर दिया ।
He was praised as an best example for a spontaneous poet by Shachiraani gurttu .,शचीरानी गुर्टू ने भी उनकी कविता को सुसज्जित भाषा का अनुपम उदाहरण माना है ।
first part ( sanhita ) except this every part has teeka and language with the three parts,पहले भाग ( संहिता ) के अलावा हरेक में टीका अथवा भाष्य के तीन स्तर होते हैं ।
Importance of maython in human life .,मैथुन मनुष्य की मूल आवश्यकता है ।
Lose organization of two or more organizer . ( country group ),दो या अधिक संघटको का ढीला संघठन [ रास्त्र मन्डल ]
some of these common schools get subsidy from government .,इनमें से कुछ निजी विद्यालयों को सरकारी सहायता भी प्राप्त होती है ।
Parashuram : Meaning Arthat Parush 's Ram|,परशुराम : अर्थात् परशु वाले राम ।
"this state has an area of 2,38,566 km square and it 's main High Court is in Allahbad .",यह राज्य २३८५६६ वर्ग किलोमीटर के क्षेत्रफल मे फैला हुआ है यहाँ का मुख्य न्यायालय इलाहाबाद मे है ।
Internet is huge worldwide network which can bind one another by computer .,अंतरजाल एक दूसरे से जुड़े संगणकों का एक विशाल विश्व - व्यापी नेटवर्क या जाल है ।
shalya : Nakul and sahadev 's mother Mardri 's brother,शल्य : नकुल और सहदेव की माता माद्री के भाई ।
Its architecture and beauty mezmerizes the tourists,इसका वास्तुशिल्प और सुंदरता पर्यटकों को मंत्रमुग्ध कर देती है ।
Gowthama buddha is an peculiar personality in the world .,गौतम बुद्ध बौद्ध धर्म के प्रवर्तक थे ।
Confirmed - Poetry Philosophical background ( Ghansham Prasad Sanadaya ( Taptilok ) ),पुष्टि - काव्य की दार्शनिक पृष्ठभूमि ( घनश्याम प्रसाद सनाढय ( ताप्तीलोक ) )
Rambihari bose transfer the leadership of Indian independence assembly to subash babu in the farer park of Singapore .,सिंगापुर के फरेर पार्क में रासबिहारी बोस ने भारतीय स्वतंत्रता परिषद का नेतृत्व सुभाषबाबू को सौंप दिया ।
To Described in Hindi literature has described the Prkaratrc Chayadi Kavio !,छायावादी कवियों का प्रकृति वर्णन हिन्दी साहित्य में उल्लेखनीय है ।
"Karmayogi kalaam ( google text writer - Laxam prasad , sandalya . )",कर्मयोगी कलाम ( गूगल पुस्तक ; लेखक - लक्षम प्रसाद सांडिल्य )
Tendulkar in his one-day career scored highest runs against Australia,तेंदुलकर ने अपने एक दिवसीय करियर में सर्वाधिक रन आस्ट्रेलिया के खिलाफ बनाए हैं ।
Bombay people always accept him like a actor .,मुंबई के लोगों ने हमेशा उन्हें एक कलाकार के रूप में स्वीकार किया है ।
This was completed in 1908 .,यह 1908 में पूर्ण हुई ।
after the death of her father in 1988 she started living in illahabad,१९६६ में पति की मृत्यु के बाद वे स्थाई रूप से इलाहाबाद में रहने लगीं ।
"Akbar had also eyes on the queen of Gondwana , Durgawatee .",गोंडवाना की रानी दुर्गावती पर भी अकबर की कुदृष्टि थी ।
Return of Producer and Actor 1996 - 1999,निर्माता और अभिनय की वापसी १९९६ - १९९९
"His Ram not captured in any boundary of community , caste , country .",उनके राम किसी सम्‍प्रदाय जाति या देश की सीमाओं में कैद नहीं है ।
After some argument boat-driver left them across Ganga river .,कुछ आनाकानी करने के बाद केवट ने तीनों को गंगा नदी के पार उतारा ।
He made a substantial contribution towards the growth of Allahabad women university ( Vidyapeeth ) at Prayag .,उन्होंने इलाहाबाद में प्रयाग महिला विद्यापीठ के विकास में महत्वपूर्ण योगदान किया ।
Schedule 257 - In some matters center has the authority over state .,अनु 257 - - - - - कुछ मामलों मे राज्य पर केन्द्र नियंत्रण की बात करता है ।
Hanuman could not identify the medicine and he lifted the whole mountain during his return .,औषधि की पहचान न होने के कारण हनुमान पूरे पर्वत को ही उठा कर वापस चले ।
Again the tremendous war started between both the groups .,फिर से दोनों पक्षो में बड़ा भयंकर युद्ध हुआ ।
On second day of Deepavali businessmen change their previous years books of account .,दीपावली के दूसरे दिन व्यापारी अपने पुराने बहीखाते बदल देते हैं ।
These messengers were from human only and they direct humans towards god .,यह दूत भी मनुष्य जाति में से होते थे और ईश्वर की ओर लोगों को बुलाते थे ।
after this pakistan 's area was being influenced by islam,इसके बाद पाकिस्तान का क्षेत्र इस्लाम से प्रभावित होता चला गया ।
"After the downfall of Parthins , it becomes free from Persian influence .",पार्थियनों के पतन के बाद यह फारसी प्रभाव से मुक्त हुआ ।
For years it is protecting India from foreign aggressions .,वर्षों से यह विदेशी आक्रमणों से भारत की रक्षा करता आ रहा है ।
"The father of Surdas was Ramdas , he was a singer",सूरदास के पिता रामदास गायक थे ।
He was accepted to the legitimate,उसको भी वैध स्वींकार कर लिया गया ।
Most of the word forms are made by putting suffixes to the original world .,अधिकांश शब्द - रूप मूलशब्द के अन्त में प्रत्यय लगाकर बनाये जाते हैं ।
Scholars ' thoughts on the subject of India,भारत के विषय में विद्वानों के विचार
"Some Purans state the entire era of the earths emergence till its end , in vivid detail .",कुछ पुराणों में सृष्टि के आरम्भ से अन्त तक का विवरण किया गया है ।
After English translation their full intelligence spreaded all over the country .,अँग्रेज़ी अनुवाद के बाद उनकी प्रतिभा पूरे विश्व में फैली ।
after failing in this he tried to enter in to the German and Italian group .,इस में नाकामयाब रहने पर उन्होने जर्मन और इटालियन दूतावासों में प्रवेश पाने की कोशिश की ।
In 1585 for a smooth rule of north western country side Akber built his capital in Lahore .,सन १५८५ में उत्तर पश्चिमी राज्य के सुचारू राज पालन के लिए अकबर ने लाहौर को राजधानी बनाया ।
"He married in 1992. and has two daughters , 9 years old Malia and six years old Sasha",उनका विवाह १९९२ में हुआ जिससे उनकी दो पुत्रियाँ हैं ९ वर्षीय मालिया तथा ६ वर्षीय साशा ।
Among all the other brothers of him subhas is having a verymuch attachment towards his brother saratchandra .,अपने सभी भाइयों में से सुभाष को सबसे अधिक लगाव शरदचंद्र से था ।
Amitabh Bachchan is a famous actor .,अमिताभ बच्चन एक प्रसिद्ध अभिनेता हैं ।
Voice of Monkey island ( 1968 ),मरकट द्वीप का स्वर ( 1968 )
After sometime he came back to Honolulu and slayed in maternal grand parents house .,बाद में वे होनोलूलू वापस आकर अपनी ननिहाल में ही रहने लगे ।
But Amitabh refuse to say anything about this matter .,इसके आवजूद अमिताभ ने इस मुद्दे पर कुछ भी कहने से इंकार कर दिया ।
Terror Economic blog - Multi specialist website for tackle the terrorism economic point .,आतंक वित्त ब्लॉग - बहु विशेषज्ञ वेबसाइट आतंकवाद के वित्तपोषण के मुद्दों से निपटने .
Most of his compositions are already included in his songs,उनकी अधिकतर रचनाएं तो अब उनके गीतों में शामिल हो चुकी हैं ।
He has brought many provinces in southern and eastern Europe and North Africa under his control .,उसने दक्षिणी और पूर्वी यूरोप के कई प्रदेशों को और उत्तरी अफ्रीका को अपना अधीन कर लिया ।
"after the winning of Jang bahadur , Rana family has started rana rules and surukiya",जंगबहादुर की जीत के बाद राणा खानदान उन्होने सुरुकिया व राणा शासन लागु किया ।
3 members of Ministry will go as a parliament members .,3 मंत्रिपरिषद के सद्स्य संसद के सद्स्यों से लिए जायेंगे
"In 1853 , the first passenger railway line of India which connected Bombay with Thane , was established",सन १८५३ में भारत की प्रथम यात्री रेलवे लाइन स्थापित हुई जिसने मुंबई को ठाणे से जोड़ा ।
There is pot on the coronet of main dome ( see right ) .,मुख्य गुम्बद के किरीट पर कलश है ( देखें दायें ) ।
In the main categories these parts are given separate importance : -,मुख्य रूप से इन भागों को अलग से महत्व दिया जाता है : -
"The present fort was constructed by Shahjahan , the grandson of Akbar .",वर्तमान किला अकबर के पौत्र शाहजहां द्वारा बनवाया हुआ है ।
Birla Foundation had honored him with Saraswati honor for his Autobiography .,बिड़ला फाउन्डेशन ने उनकी आत्मकथा के लिये उन्हें सरस्वती सम्मान दिया था ।
What is A dhamma ( Immoral ) is per Budhha .,बुद्ध के अनुसार क्या अ - धम्म है - -
Three major part of the Constitution,संविधान के तीन प्रमुख भाग हैं ।
"Pufffs surrounding Taj are also made in all four corners , parallel to the hypotenuse line .",ताज के चट्टा लगे पिश्ताक चारों कोनों में भी कर्णरेखा के समानांतर फलकों पर बने हैं ।
2 . The new speaker also becomes the Chairperson of the election process .,2 . नवीन स्पीकर चुनाव प्रक्रिया का अध्यक्ष भी वही बनता है
From Gomoha railway station he took Frontier mail and reached Peshawar|,गोमोह रेल्वे स्टेशन से फ्रंटियर मेल पकडकर वे पेशावर पहुँचे ।
Also it goes to the parts of New Mumbai and Thane .,साथ ही नवी मुंबई एवं ठाणे के भी भाग तक जातीं हैं ।
Subashbabu then went for treatment Adalhaji,फिर सुभाषबाबू इलाज के लिए डलहौजी चले गए ।
From the year 1947 to 1972 Pakistan remained divided into two parts - East Pakistan and West Pakistan .,सन् 1947 से 1972 तक पाकिस्तान दो भागों में बंटा रहा - पूर्वी पाकिस्तान और पश्चिमी पाकिस्तान ।
Regarding this issue Bacchan was not found guilty .,इस मामले में बच्चन को दोषी नहीं पाया गया ।
"Aquarius water is as same , this says is contable",फूटा कुम्‍भ जल जलहीं समाना यह तथ कथौ गियानी ।
"Then he did meditation , but still was not able to find answers to his questions .",फ़िर उन्होने तपस्या की परंतु उन्हे अपने प्रश्नों के उत्तर फ़िर भी नहीं मिले ।
Appointment of supreme court judge .,सर्वोच्च न्यायालय के न्यायधीशों की नियुक्ति
13 . Hindu vision promotes unity and co-ordination .,13 . हिन्दू दृष्टि समतावादी एवं समन्वयवादी
Bro can I get your mobile number,भाई क्या मुझे आपका मोबाइल नंबर मिल सकता है
There are various stories behind the habit of lighting wooden lamps .,दीप जलाने की प्रथा के पीछे अलग - अलग कारण या कहानियाँ हैं ।
Sha is she in modern Hindi .,आधुनिक हिन्दी में ष का उच्चारण पूरी तरह श की तरह होता है ।
puran is the extension of vedas,पुराण वस्तुतः वेदों का विस्तार हैं ।
Special session- this is of two types 1 . Special session of Parliament .,विशेष सत्र – इस के दो भेद है 1 . संसद के विशेष सत्र .
Income Expenditure is described in a Budget .,3 . बजट मे पिछले वर्ष के वास्तविक आय व्यय का विवरण होता है
Its height too has been taken into consideration .,ऊँचाई का ध्यान रखा गया है ।
To Emanates the aims of the constitution usually a preamble is put forward .,संविधान के उद्देश्यों को प्रकट करने हेतु प्राय : उनसे पहले एक प्रस्तावना प्रस्तुत की जाती है ।
The vehicles producing pollution are restricted in the surrounding of this monument .,इस स्मारक के आसपास प्रदूषण फैलाते वाहन प्रतिबन्धित हैं ।
RAM is as for them is not their Rsarathy Ram Ram is the name of spiritual symbols,उनके लिए राम रूप नहीं है दशरथी राम नहीं है उनके राम तो नाम साधना के प्रतीक हैं ।
The art deco style construction can be seen on the edges of Marin drive and Oval garden .,आर्ट डेको शैली के निर्माण मैरीन ड्राइव और ओवल मैदान के किनारे दिखाई देते हैं ।
pandit jawaharlal nehru was the president of it .,पंडित जवाहरलाल नेहरू इस के अध्यक्ष थे ।
"If there is any heaven on earth , then its here , here and here !",यदि पृथ्वी पर कहीं जन्नत है तो वो यहीं है यहीं है यहीं है ।
According National Geographic - Presentation of shochkave,नेशनल ज्योग्राफिक ( National Geographic ) द्वारा – शोच्क्वावे प्रस्तुति
This was constructed by Akbar in the Year 1565 .,यह अकबर द्वारा 1565 में बनवाया गया था ।
utter pradesh is very popular city .,उत्तर प्रदेश के प्राचीनतम नगर ( गूगल पुस्तक ; डॉ अशोक कुमार सिंह )
"Therefore , show of dignity not found in this .",इसीलिए इसमें मर्यादा का चित्रण नहीं मिलता ।
Made to the general public was larger premises,यह जनसाधारण हेतु बना वृहत प्रांगण था ।
Ved-Puraan : all the four vedas and more than ten puranas are available here .,वेद - पुराण - यहाँ चारों वेद एवं दस से अधिक पुराण हिन्दी अर्थ सहित उपलब्ध हैं ।
This gate decorated by costly stones has very importance in religion and historical vision .,बेशकीमती पत्थरों से सजे इस दरवाजे का धार्मिक और ऐतिहासिक दृष्टि से बहुत महत्व है ।
"After 1817 , city was reconstructed by civil work on large scale .",सन १८१७ के बाद नगर को वृहत पैमाने पर सिविल कार्यों द्वारा पुनर्ओद्धार किया गया ।
"shabdakosh.com , English < -- > Hindi ( Online )",शब्दकोश . कॉम अंग्रेजी - - हिन्दी ( ऑनलाइन )
both the times the result came bose was killed in that plane crash .,दोनो बार यह नतिजा निकला की नेताजी उस विमान दुर्घटना में ही मारे गये थे ।
According to the Musalman Kuran is the last book given by Eshwar to the mankind .,मुसलमनों के अनुसार कुरान ईश्वर द्वारा मनुष्य को प्रदान की गयी अन्तिम धार्मिक पुस्तक है ।
These tombs make us see the entire construction of Tajmahal .,यह मीनारें ताजमहल की बनावट की सममितीय प्रवृत्ति दर्शित करतीं हैं ।
This section of Muslims became known as the Shiya sect .,यह वर्ग शिया वर्ग के नाम से प्रसिद्ध हुआ ।
after this day he could not bee seen by anyone .,इस दिन के बाद वे कभी किसी को दिखाई नहीं दिये ।
"After taking 'Sanyaas ' , he was renamed Vivekananda .",संन्यास लेने के बाद इनका नाम विवेकानंद हुआ ।
Hand massage : in this position men can caress women 's attractive body parts .,उन्नयन हाथः इस पोजीशन मेंपुरुष अपने हाथों से महिला के उत्तेजक अंगों को सहला सकता है .
They can be used online or offline by downloading them,इन्हें ऑनलाइन उपयोग कर सकते हैं या डाउनलोड करके ऑफलाइन उपयोग भी कर सकते हैं ।
"His speaches wrer filled with equality towards people , search for truth .",उनके भाषण जन सामान्य के प्रति संवेदना और सच्चाई के प्रति दृढ़ता से परिपूर्ण होते थे ।
Program to convert Roman output to Devanagari through Sanskrit OCR .,संस्कृत _ ओसीआर से प्राप्त रोमन आउटपुट को देवनागरी में बदलने का प्रोग्राम
98 . Mount Abu was a favorite summer retreat during the British rule .,98 . ब्रिटिश शासन के दौरान माउण्ट आबू अंग्रेजों का मनपसंद ग्रीष्मकालीन गन्तव्य बन गया ।
Audio Mahabharata ; Part-1 ( Google book ),ओड़िया महाभारत ; भाग - १ ( गूगल पुस्तक )
According to the grace of Lord Krishna Sur Ssduti man can get,1 . सूर के अनुसार भगवान श्रीकृष्ण के अनुग्रह से मनुष्य को सद्गति मिल सकती है ।
makki started with small faces .,आरंभ में मक्के में छोटी - छोटी सूरतें अवतीर्ण हुईं ।
"Near Mumbai university , Rajabhai gantaghar is situated",राजाबाई घंटाघर मुंबई विश्वविद्यालय के निकट
THE WORLDS GREATEST SOCIETY WAS ESTABLISHED ( ROMANS AND IRANIAN ),विश्व की दो महान शक्तियों ‎‎ ( रोमन तथा ईरानी साम्राज्य ) के समक्ष खड़ा कर दिया ।
6 . God take repeated births for the defense of religion .,6 . धर्म की रक्षा के लिए ईश्वर बार - बार पैदा होते हैं
Moghul emperor Akbar built Fatehpur Sikhri and made it his capital city .,मुगल सम्राट अकबर ने फतेहपुर सीकरी बसाई व अपनी राजधानी वहां स्थानांतरित की ।
"Among the devotees of Lord Krishna , Soordas is believed tobe the most respectable one .",कृष्ण भक्ति की अजस्र ढ़ारा को प्रवाहित करने वाले भक्त कवियों में सूरदास का नाम सर्वोपरि है ।
"This was the reason , the way of integration of Rajasthan developed the first union .",इसी की वजह से राजस्थान के एकीकरण की दिशा में पहला संघ बन पाया ।
Therefore to test them Dhrupad had called them to theirjewelry room .,अतः उनकी परीक्षा करने के लिये द्रुपद ने उन्हें अपने राजप्रासाद में बुलाया ।
* [ URL tool or name of server ],* [ यूआऍल टूल अथवा सेवा का नाम ]
It has 395 articles and 12 chapters .,इसमें 395 अनुच्छेद तथा 12 अनुसूचियां हैं ।
"During Hajj , Muslims take rounds around the Kaba .",हज के दौरान मुसलमान काबा का चक्कर लगाते हुए
This could be web based or desktop application .,ये जाल या डेस्कटॉप आधारित अनुप्रयोग हो सकते हैं ।
e-mahashabdakosh ( Large e-dictionary ) c-dec By Indian government,इ - महाशब्दकोश - सी - डैक भारत सरकार की प्रस्तुत
4 scientific difficulties which means kingdoms will participate both in certificate and doubts,4 सविन्धान की कठोरता इसका अर्थ है सविन्धान संशोधन मे राज्य केन्द्र दोनो भाग लेंगे
The city was surrendered by Mughal chieftains to their Sikh counterparts .,नगर को मुगल वजी़रों ने अपने सिख साथियों को समर्पण कर दिया ।
Till now of around 600000 personalized photo-voltages system ( total capacity 40 megavolt ) has been installed .,अबतक लगभग ६००००० व्यक्तिगत फोटोवोल्टायिक प्रणालियां ( कुल क्षमता ४० मेगावाट ) संस्थापित की जा चुकी हैं ।
"To remove rain water from here , canals were built which were complete .",यहां बरसात के पानी की निकासी की अच्छी नालियां - नालों से परिपूर्ण वयवस्था बनायी गई ।
"There was a great foudation of guru bhakti , guru service and the grace towards guru .",उनके इस महान व्यक्तित्व की नींव में थी ऐसी गुरुभक्ति गुरुसेवा और गुरु के प्रति अनन्य निष्ठा ।
Assigned to the Religion is to get the Importance Intelligence,जो धम्म यह बताए कि आवश्यकता प्रज्ञा प्राप्त करने की है
Pillars were brought by twenty to thirty bulls which were attached to specially built carts .,बीस से तीस बैलों को खास निर्मित गाडि़यों में जोतकर शिलाखण्डों को यहाँ लाया गया था ।
"Hanuman , son of Ravana by destruction of the Ashokvatika slaughter made of renewable",हनुमान ने अशोकवाटिका का विध्वंस करके रावण के पुत्र अक्षय कुमार का वध कर दिया ।
Google English dictionary - Hindi ( online ),गूगल शब्दकोश अंग्रेजी - - हिन्दी ( ऑनलाइन )
it seems that it was built near 6th century .,मूल रूप से इस मंदिर का निर्माण चौथी शताब्दी के आस - पास हुआ था ।
entire country remembered his martyrdom .,सारे देश ने उनकी शहादत को याद किया ।
"After thirteen years of fleeing from Mecca , in Medina the Muslims found a Center .",मक्की दौर के तेरह वर्ष बाद मदीने में मुसलमानों को एक केन्द्र प्राप्त ‎हो गया ।
In Persian mysticism Mughal carpet Islamic texts Firdoss is told to be an ideal and perfect garden .,फारसी रहस्यवाद में मुगल कालीन इस्लामी पाठ्य में फिरदौस को एक आदर्श पूर्णता का बाग बताया गया है ।
Pachelbel 's Canon 's guitar is the most popular music video on YouTube .,पाचेलबेल कैनन का गिटार वीडियॊ यूट्यूब पर सबसे लोकप्रिय म्युजिक वीडियो है
"nairee , kristoff , ad place feelings : Mobile communication at world and local,2005",नईऋ क्रीस्टॉफ एड . स्थान की भावना : मोबाइल संचार में वैश्विक और स्थानीय 2005
The epic Mahabharatha starts with the following hymn :,महाभारत ग्रंथ का आरम्भ निम्न श्लोक के साथ होता है :
The intense Devanagari script-100 % pure Hindi tool . Remington based Unicode typing tool .,प्रखर देवनागरी लिपिक - 100 % शुद्ध टंकण हेतु एक नवीन हिन्दी उपकरण ; REMINGTON BASED UNICODE TYPING TOOL
"After the bomb exploded , they started shouting the slogan of Inquilab Zindabad .",बम फटने के बाद उन्होंने इन्कलाब - जिंदाबाद का नारा लगाना चालू कर दिया ।
2.Bramha or great element is all over the wold .,2 . ब्रह्म या परम तत्त्व सर्वव्यापी है
Premchand was Hindi liturature 's promoter of new era ' .,प्रेमचंद हिन्दी साहित्य के युग प्रवर्तक हैं ।
"e-Kalam : Typing in different fonts has become easy now , type in unicode .",ई - कलम : अलग अलग फॉन्ट पर टाईप करना अब आसान हुआ युनीकोड मे टाईप करें
That is why it is called comercial capital of india .,इसलिए इसे भारत की आर्थिक राजधानी भी कहते हैं ।
He is the first asian to be awarded by Nobel prize .,वे एशिया के प्रथम नोबेल पुरस्कार सम्मानित व्यक्ति है ।
Market and lane gets shined by colorful bulbs .,रंग - बिरंगे बिजली के बल्बों से बाज़ार व गलियाँ जगमगा उठते हैं ।
Arjun was able to shoot the fish in the Matsya king 's court .,अर्जुन द्वारा पांचाल सभा में मत्स्य भेदन
"many worldfame , beautiful tourismplaces are established in its defth which called the heaven of tourist 's",अनेक विश्वप्रसिद्ध मनोरम पर्यटन स्थल इसकी गोद मे बसे हैं जो सैलानियों का स्वर्ग कहलाते हैं ।
"-- 115.117.166.110 17.50 , 12 May 2010 [ UTC ] Enter unorganized text here",- - 115.117.166.110 १७ : ५० १२ मई २०१० ( UTC ) असंरूपित पाठ यहाँ निवेश करें
khchyam ki Madhushala ( 1938 ),खय्याम की मधुशाला ( 1938 )
Taj Mahal was made on a small plateau on the south end of Agra city .,ताजमहल परिसीमित आगरा नगर के दक्षिण छोर पर एक छोटे भूमि पठार पर बनाया गया था ।
Bangal ka Kavya ( 1946 ),बंगाल का काव्य ( 1946 )
But there are arguments against this .,किंतु इसके विरोध मे भी तर्क दिये गये है
Here is a huge statue installed in his memory .,उनकी याद में एक बड़ि मूर्ति यहां स्थापित है ।
The official language of Maharashtra state is Marathi .,महाराष्ट्र राज्य की आधिकारिक राजभाषा मराठी है ।
Bhash apni Bhav paraye ( My language but strange thoughts ) ( 1970 ),भाषा अपनी भाव पराये ( 1970 )
"These walls started by Bago Andurunee the aisle toward the arch , including the column",इन दीवारों की बागों से लगी अंदरूनी ओर में स्तंभ सहित तोरण वाले गलियारे हैं ।
real beauty of taj lies in dome which is equally high as taj .,ताज की सर्वाधिक सुंदरता इसके इमारत के बराबर ऊंचे महान गुम्बद में बसी है ।
This temple is known as the oldest Vishnu temple of Katmandu,इस मंदिर के बारे में कहा जाता है कि यह काठमांडु घाटी का सबसे पुराना विष्णु मंदिर है ।
It name as a Samved because it has mantra in song pattern .,इसमें गायन पद्धति के निश्चित मन्त्र होने के कारण इसका नाम सामवेद है ।
Its capacity is up to 1.25 kilowatts .,इनकी क्षमता १ . २५ किलोवाट तक होती है ।
RECEIVED SOME VERY COSTLY FOREST MEDICINES ACCEPT WATER .,पानी के अतिरिक्त हिमालय से बेशकीमती वनौपज भी मिलती है ।
Series : Poets of Gyanashrayee Branch,श्रेणी : ज्ञानाश्रयी शाखा के कवि
"After his victory , Jung Bahadur started the Rana family and imposed Rana rule .",जंगबहादुर की जीत के बाद राणा खानदान उन्होने सुरुकिया व राणा शासन लागु किया ।
If the bowler violates this rule then umpire calls it as `` '' no ball '' '',अगर गेंदबाज इस नियम को तोड़ता है तो अंपायर नो बाल घोषित कर देता है .
"Why the sky should be made wet by weeping ,",चर्ख ( आसमान ) से क्यों ग़िला करें
Rajasthan means the land of Rajputs . this is one of the strongest reason to called is Rajasthan .,राजस्थान यानि राजपूतो का स्थानइसका नाम राजस्थान होने के पीछे यही एकमात्र मजबूत तर्क है ।
But the full evidence is available,परंतु इसके पूर्ण साक्ष्य उपलब्ध नहीं हैं ।
This scriptures are of the persian fidelity|,ये फारसी लिपिक अमानत खां द्वारा सृजित हैं ।
"this like ki , ka , kha , ga , gha",जैसे कि क्‌ ख्‌ ग्‌ घ्‌ ।
Prakhar Devanagiri Script- A new Hindi tool which ensures 100 % accurate typing ; Remington based Unicode typing tool,प्रखर देवनागरी लिपिक - 100 % शुद्ध टंकण हेतु एक नवीन हिन्दी उपकरण ; REMINGTON BASED UNICODE TYPING TOOL
On that day the people will get the return for their sin and virtue .,उस दिन हर मनुषय को उसके अच्छे और बुरे कर्मों का फल दिया जाएगा ।
it is mentioned four apologias for a description for America detectives,एक विश्लेषण अमेरिकी खुफिया के लिए तैयार में चार त्य्पोलोगिएस का उल्लेख कर रहे हैं .
Ram made His residence in Panchwati .,राम ने पंचवटी को अपना निवास स्थान बनाया ।
16 . Hindu festivals are linked to their happiness .,16 . हिन्दुओं के पर्व और त्योहार खुशियों से जुड़े हैं
Their currency is called pakistani rupiya which can be used to deal .,यहाँ की मुद्रा पाकिस्तानी रुपया है जो पैसे में बाँटा जा सकता है ।
hindi english dictionary in pdf file format,अंग्रेज़ी हिन्दी शब्दकोष पी॰डी॰ऍफ़॰ प्रारूप में
After that he studied M.A . from Prayag University and Ph . D. from Cambridge University .,इसके बाद उन्होने प्रयाग विश्वविद्यालय से अंगरेजी में एम ए और कैम्ब्रिज विश्वविद्यालय से पी एच डी किया ।
According to BBC - The record for the most runs scored also belongs to Sachin .,सर्वाधिक रन का रिकॉर्ड भी सचिन के नाम - बीबीसी पर
Abbasi Kingdom weaken slowly politically .,राजनैतिक तौर पर अब्बासी सम्राज्य धीरे धीरे कमज़ोर पड़ता गया ।
"India is a democratic , socialist republic .",भारत संसदीय प्रणाली की सरकार वाला एक स्वतंत्र प्रभुसत्तासम्पन्न समाजवादी लोकतंत्रात्मक गणराज्य है ।
BMC only takes care of roadways and garbage management of the city .,बी एम सी ही शहर की सड़क रखरखाव और कूड़ा प्रबंधन भी देखता है ।
"He is the essence of the world , soul of the world .",वो ही जगत का सार है जगत की आत्मा है ।
These five Prayags are collectively called Panch Prayag .,इन पांच प्रयागों को सम्मिलित रूप से पंच प्रयाग कहा जाता है ।
Literary essay of Professor Mahavir Saran Jain : Human vision and social consciousness in the poetry of Bachchan .,प्रोफ़ेसर महावीर सरन जैन का आलेख : बच्‍चन के काव्‍य में निहित मानवीय दृष्‍टि एवं सामाजिक चेतना
Determine the amount of money to the Consolidated Fund,4 . संचित निधि की धन मात्रा का निर्धारण
"Nishhad king Gooh , in Rugwadapur did great service to these three .",ऋंगवेरपुर में निषादराज गुह ने तीनों की बहुत सेवा की ।
39 . The pictures of Jodhpur rulers are also displayed in Jaswant Thada .,39 . जोधपुर के शासकों के कुछ चित्र भी जसवन्त ठाड़ा पर प्रदर्शित किये गये हैं ।
So far Mumbai has the largest number of skyscrapers in India .,मुंबई में अब तक भारत में सबसे अधिक गगनचुम्बी इमारतें हैं ।
This contains the utilization of Brij language 's soft and supreme phraseology .,ब्रजभाषा की कोमलकांत पदावली का प्रयोग इसमें हुआ है ।
People with more zeal believe that Panini 's Ashtudhyathi kavya is the reason for sanskrits origin,अधिकांश लोग पाणिनि की अष्टाध्यायी से काव्य संस्कृत का आरम्भ मानते हैं ।
after reaching east Asia Bubhash Babu firstly took the leadership from oldman Rasbihari bose for Indian independence organization,पूर्व एशिया पहुँचकर सुभाषबाबू ने सर्वप्रथम वयोवृद्ध क्रांतिकारी रासबिहारी बोस से भारतीय स्वतंत्रता परिषद का नेतृत्व सँभाला ।
Deep shade of white mausoleum could clearly be seen in the lake,श्वेत मकबरे की गहरी छाया को स्पष्ट देखा जा सकता था उस सरोवर में ।
3 . Addition or allotment of funds from contingency/ reserves .,3 . भारत की आपात / संचित निधि से धन की निकासी / जमा करना
Kalpana Chaval completed her primary education from Taigor Public School of Karnal .,कल्पना चावला ने प्रारंभिक शिक्षा टैगोर पब्लिक स्कूल करनाल से प्राप्त की ।
The base of Indian culture is the Vedas .,भारतीय संस्कृति के मूल वेद हैं ।
there are many legends about the origin of Kabir .,कबीर की उत्पत्ति के संबंध में अनेक किंवदन्तियाँ हैं ।
Amazing scene of Tajmahal with sunset .,डूबते सूर्य के संग ताज का अद्वितीय दृश्य
IME of Hindi writer ( Development related ),हिन्दीराइटर का आईएमई ( विकास बन्द )
THE PARK IS OUTSPREAD IN 932 SQUARE KILO METER ARE SITUATED IN THE MIDDLE NORTH .,932 वर्ग किमी . में फैला यह उद्यान दक्षिण - मध्य नेपाल में स्थित है ।
agra is the uttar pradesh dist and thasil,आगरा उत्तर प्रदेश प्रान्त का एक ज़िला शहर व तहसील है ।
11 players feild the ground .,क्षेत्ररक्षण टीम के सभी ११ खिलाड़ी एक साथ मैदान पर होते हैं ।
The highest peaks are present in the hilly area .,हिमाली क्षेत्र मे संसार की सबसे ऊंची हिमशृंखलायें पड़ती हैं ।
"Some of the prominent rivers of Himalaya are Sindhu , Ganga , Brahmputra , and Yandtej .",हिमालय की कुछ प्रमुख नदियों में शामिल हैं - सिंधु गंगा ब्रम्हपुत्र और यांगतेज ।
"Many Many books in Sankrit , in Devanagari",संस्कृत के अनेकानेक ग्रन्थ देवनागरी में
Dungarpur and Udeipur group in the southern part of the ancient 56 villages know Chappan By Name,डूंगरपुर तथा उदयपुर के दक्षिणी भाग में प्राचीन ५६ गांवों के समूह को छप्पन नाम से जानते हैं ।
"Farmer , National Movement and Premchand , 1918-22 ( Google book- Writer- Veer Bharat Talwar",किसान राष्ट्रीय आन्दोलन और प्रेमचन्द 1918 - 22 ( गूगल पुस्तक ; लेखक - वीर भारत तलवार )
"On 3rd June , 1973 he celebrated his marriage with Jaya Bhaduri as per Bengali rituals .",३ जून १९७३ को इन्होंने बंगाली संस्कार के अनुसार अभिनेत्री जया भादुड़ी से विवाह कर लिया ।
Information about sheel English- Hindi dictionary,शील अंग्रेजी - हिन्दी शब्दकोष - जानकारी
Due to immigration of Muslims in other countries Islam has also spread in Europe and America .,मुसल्मानों के अन्य देशों में प्रवास के कारण युरोप और अमरीका में भी इस्लाम फैल गया है ।
as per many proffes it is accpeted that he died betwee year 1620 and 1648,अनेक प्रमाणों के आधार पर उनका मृत्यु संवत् १६२० से १६४८ वि० के मध्य स्वीकार किया जाता है ।
The total 27 % land of the country is Cultivable .,देश की कुल 27 % भूमि कृषियोग्य है ।
Meaning of the word 'An ' - say or inform,‘अण’ शब्द का अर्थ होता है - कहना या बतलाना ।
That is the secret of this language .,यही इस भाषा का रहस्य है ।
There is an elevated are in the garden,इस बाग में ऊँचा उठा पथ है ।
This is the literature of different accent of Hindi,हिंदी की विभिन्न बोलियों का साहित्य
Besides all this cow in Hindu Dharma is worshiped as the mother,इन सबके अलावा हिन्दु धर्म में गाय को भी माता के रूप में पूजा जाता है ।
Second or other part of the main one is terminated .,दूसरी ओर ज्ञानविज्ञान के लिहाज़ से आगे और निरंतर आगे विचार ‎करना होगा ।
Al Khwarizmi is known as the father of Algebra .,अल ख्वारिज़्मी को बीजगणित की पिता कहा जाता है ।
"General architecture for text analysis ( GATE ) -Mukhssraot , suitable for all types of natural language processing",General architecture for text analysis ( GATE ) - मुक्तस्रोत सभी प्रकार के प्राकृतिक भाषा प्रसंस्करण के लिये उपयुक्त
During World War II Azad Hind Army attached Indian with help of Jananese army .,द्वितीय विश्वयुद्ध के दौरान आज़ाद हिन्द फौज ने जापानी सेना के सहयोग से भारत पर आक्रमण किया ।
Bhisma and other teacher are not qualified as mourning .,भीष्म आदि गुरुजन शोक के योग्य नहीं हैं ।